시군구,번지,본번,부번,단지명,전용면적(㎡),계약년월,계약일,거래금액(만원),층,건축년도,도로명,해제사유발생일,거래유형,중개사소재지
서울특별시 강남구 개포동,13-3,13,3,대청타워,32.44,202210,13,"20,650",5,1997,개포로 623,,직거래,-
서울특별시 강남구 대치동,890-59,890,59,선릉역 롯데골드로즈2,44.46,202210,14,"41,700",16,2004,선릉로86길 31,,중개거래,서울 강남구
서울특별시 강남구 대치동,890-49,890,49,선릉역대우아이빌,33.02,202210,31,"26,000",4,2004,테헤란로64길 9,,중개거래,서울 강남구
서울특별시 강남구 삼성동,158-4,158,4,삼성역 두산위브센티움,23.29,202210,6,"21,000",4,2003,테헤란로83길 14,,중개거래,서울 강남구
서울특별시 강남구 세곡동,587,587,0,강남 지웰파인즈,24.66,202210,4,"22,900",7,2016,헌릉로569길 9,,중개거래,서울 강남구
서울특별시 강남구 수서동,716,716,0,사이룩스,42.13,202210,19,"29,000",17,2003,광평로 295,,중개거래,서울 강남구
서울특별시 강남구 역삼동,647-5,647,5,(647-5),26.59,202210,7,"48,128",8,2020,테헤란로13길 8-7,,직거래,-
서울특별시 강남구 역삼동,832-16,832,16,BIEL 106,28.87,202210,14,"41,400",13,2018,역삼로 106,,중개거래,서울 강남구
서울특별시 강남구 역삼동,837-18,837,18,강남역 서희스타힐스 오피스텔,31.5,202210,12,"26,500",7,2012,도곡로3길 19,,중개거래,서울 강남구
서울특별시 강남구 역삼동,825-20,825,20,강남역 센트럴 푸르지오 시티,23.23,202210,8,"31,500",7,2015, ,,중개거래,서울 강남구
서울특별시 강남구 역삼동,825-20,825,20,강남역 센트럴 푸르지오 시티,24.63,202210,22,"32,000",12,2015, ,,중개거래,서울 강남구
서울특별시 강남구 역삼동,825-24,825,24,강남역 효성해링턴 타워 더퍼스트,22.85,202210,28,"26,800",5,2014,강남대로84길 15,,중개거래,서울 강남구
서울특별시 강남구 역삼동,824-49,824,49,강남역투웨니퍼스트102동,17.34,202210,2,"28,000",6,2019,테헤란로6길 18,,중개거래,서울 강남구
서울특별시 강남구 역삼동,708-20,708,20,금천빌딩,29.81,202210,7,"23,000",7,2005,테헤란로52길 15,,중개거래,서울 강남구
서울특별시 강남구 역삼동,708-16,708,16,능현오피스텔,29.6,202210,6,"23,700",2,2004,선릉로89길 16,,중개거래,서울 강남구
서울특별시 강남구 역삼동,708-16,708,16,능현오피스텔,29.65,202210,21,"24,000",14,2004,선릉로89길 16,,중개거래,서울 강남구
서울특별시 강남구 역삼동,824-25,824,25,대우디오빌플러스,38.96,202210,18,"28,500",5,2004,강남대로84길 33,,중개거래,서울 강남구
서울특별시 강남구 역삼동,707-1,707,1,두꺼비빌딩,25.92,202210,26,"19,000",11,1990,테헤란로 310,,직거래,-
서울특별시 강남구 역삼동,824-12,824,12,메가시티오피스텔,34.01,202210,10,"29,000",12,2002,테헤란로4길 15,,중개거래,서울 강남구
서울특별시 강남구 역삼동,736-22,736,22,메이플라워멤버스빌오피스텔,20.1,202210,11,"15,800",3,2006,테헤란로20길 15,,중개거래,서울 강남구
서울특별시 강남구 역삼동,736-22,736,22,메이플라워멤버스빌오피스텔,20.1,202210,11,"15,800",3,2006,테헤란로20길 15,,중개거래,서울 강남구
서울특별시 강남구 역삼동,822-7,822,7,목화밀라트,31.33,202210,12,"32,000",16,2004,테헤란로 113,20221031,중개거래,서울 강남구
서울특별시 강남구 역삼동,822-7,822,7,목화밀라트,31.33,202210,12,"32,000",16,2004,테헤란로 113,,중개거래,서울 강남구
서울특별시 강남구 역삼동,603-7,603,7,신논현 마에스트로,18.75,202210,11,"19,500",16,2013,봉은사로 140,,중개거래,서울 강남구
서울특별시 강남구 역삼동,603-7,603,7,신논현 마에스트로,20.35,202210,29,"20,500",12,2013,봉은사로 140,,중개거래,서울 강남구
서울특별시 강남구 역삼동,708-26,708,26,에스케이허브 오피스텔,37.36,202210,8,"35,500",11,2004,선릉로 431,,중개거래,서울 강남구
서울특별시 강남구 역삼동,736-24,736,24,엘지역삼에클라트,28.64,202210,1,"22,800",7,2004,테헤란로20길 19,,중개거래,서울 강남구
서울특별시 강남구 역삼동,824-13,824,13,예성I라이프,24.66,202210,13,"19,300",9,2004,테헤란로4길 13,,중개거래,서울 강남구
서울특별시 강남구 역삼동,824-13,824,13,예성I라이프,24.66,202210,14,"21,000",13,2004,테헤란로4길 13,,중개거래,서울 강남구
서울특별시 강남구 자곡동,596,596,0,강남 더샵라르고,21.12,202210,31,"17,950",10,2014,자곡로 201,,중개거래,서울 강남구
서울특별시 강남구 자곡동,662,662,0,강남 지웰홈스,25.16,202210,14,"19,000",7,2014,자곡로 204-5,,중개거래,서울 강남구
서울특별시 강남구 자곡동,600,600,0,강남 푸르지오시티 1차,25.06,202210,8,"19,000",6,2014,자곡로 191,,중개거래,서울 강남구
서울특별시 강남구 자곡동,670,670,0,강남센터뷰,32.23,202210,1,"32,700",6,2018, ,,중개거래,서울 강남구
서울특별시 강남구 청담동,91-2,91,2,아노블리81,58.13,202210,14,"149,000",8,2018,도산대로 419,,중개거래,서울 강남구
서울특별시 강동구 강일동,675-3,675,3,강일임페리얼타워,28.66,202210,22,"11,000",10,2013,아리수로93길 19,,중개거래,서울 강동구
서울특별시 강동구 길동,386-8,386,8,(386-8),33.2,202210,1,"13,500",2,1990,천중로40길 78,,중개거래,서울 강동구
서울특별시 강동구 길동,454-1,454,1,일성하이츠오피스텔,22.77,202210,5,"8,100",13,1993,천호대로 1121,,중개거래,서울 강동구
서울특별시 강동구 명일동,46-2,46,2,고덕역 효성해링턴 타워 더퍼스트,19.16,202210,5,"19,000",5,2020,고덕로 262,,중개거래,서울 강동구
서울특별시 강동구 천호동,414,414,0,두산위브센티움,31.37,202210,12,"15,500",22,2004,올림픽로70길 61,,중개거래,서울 강동구
서울특별시 강동구 천호동,414,414,0,두산위브센티움,31.37,202210,28,"16,000",22,2004,올림픽로70길 61,,중개거래,서울 강동구
서울특별시 강동구 천호동,165-1,165,1,선경오피스텔,20.65,202210,25,"10,000",3,2002,진황도로29길 8,,중개거래,서울 강동구
서울특별시 강동구 천호동,432-10,432,10,쌍용플래티넘리버,33.45,202210,1,"19,800",13,2004,올림픽로 659,,중개거래,서울 강동구
서울특별시 강동구 천호동,451-20,451,20,오피스텔 트레벨,31.95,202210,6,"16,500",13,2003,천호대로 1057,,중개거래,서울 강동구
서울특별시 강동구 천호동,451,451,0,이안 강동 컴홈스테이,23.75,202210,2,"30,000",24,2021,천호대로 1053,,중개거래,서울 강동구
서울특별시 강동구 천호동,425-3,425,3,천호역 한강 푸르지오시티,25.24,202210,5,"17,400",34,2015,구천면로 192,,직거래,-
서울특별시 강동구 천호동,425-3,425,3,천호역 한강 푸르지오시티,25.24,202210,13,"19,400",35,2015,구천면로 192,,중개거래,서울 강동구
서울특별시 강동구 천호동,425-3,425,3,천호역 한강 푸르지오시티,26.61,202210,14,"19,000",32,2015,구천면로 192,,중개거래,서울 강동구
서울특별시 강동구 천호동,164-70,164,70,하이브2,23.4,202210,25,"14,700",5,2013,천호대로167길 26,,중개거래,서울 강동구
서울특별시 강동구 천호동,449-49,449,49,힐탑프라자,20.48,202210,24,"9,700",7,1994,천호대로 1073,,중개거래,서울 강동구
서울특별시 강북구 번동,446-13,446,13,가든타워오피스텔,36.9,202210,17,"15,800",11,1991,도봉로 328,,중개거래,서울 강북구
서울특별시 강북구 수유동,95-7,95,7,수유동이테크밸리오피스텔,34.23,202210,7,"11,400",6,2005,도봉로77길 6,,중개거래,서울 강북구
서울특별시 강북구 수유동,230-7,230,7,효성 인텔리안 오피스텔,28.82,202210,20,"11,600",9,2005,도봉로 313,,중개거래,서울 도봉구
서울특별시 강서구 가양동,448-11,448,11,가양글로벌퍼스트,28.12,202210,14,"28,300",5,2018,화곡로72길 62,,중개거래,서울 강서구
서울특별시 강서구 가양동,1479-8,1479,8,동양 트레벨 스카이 오피스텔,24.36,202210,25,"10,700",13,2003,양천로57길 9-19,,중개거래,서울 강서구
서울특별시 강서구 가양동,1479-9,1479,9,휴먼빌,25.64,202210,8,"11,000",13,2004,양천로57길 9-13,,중개거래,서울 강서구
서울특별시 강서구 공항동,49-1,49,1,이스카이오피스텔,24.57,202210,21,"12,000",9,2011,공항대로 18-1,,중개거래,서울 강서구
서울특별시 강서구 등촌동,78-7,78,7,길훈엔트런스빌,27.29,202210,5,"16,000",12,2004,양천로 492,,직거래,-
서울특별시 강서구 등촌동,684-3,684,3,대룡드림타워-1,31.3,202210,1,"15,900",3,2004,강서로 462,,중개거래,서울 강서구
서울특별시 강서구 등촌동,642-2,642,2,신도그랑피아오피스텔,46.93,202210,22,"22,600",5,2003,공항대로53가길 49,,중개거래,서울 강서구
서울특별시 강서구 등촌동,628-18,628,18,트라비하우스,57.76,202210,7,"37,000",10,2005,화곡로68길 47,,중개거래,서울 강서구
서울특별시 강서구 등촌동,628-13,628,13,현대프린스텔,22.78,202210,8,"9,390",5,1999,양천로 510,,중개거래,서울 강서구
서울특별시 강서구 마곡동,776,776,0,마곡 파크뷰 대방디엠시티 오피스텔,26.68,202210,14,"25,000",10,2019,마곡동로10길 23,,중개거래,서울 강서구
서울특별시 강서구 마곡동,739-4,739,4,마곡 헤리움1차,24.07,202210,11,"16,700",12,2015,마곡서1로 115-1,,중개거래,서울 강서구
서울특별시 강서구 마곡동,739-4,739,4,마곡 헤리움1차,24.07,202210,13,"16,000",4,2015,마곡서1로 115-1,,중개거래,서울 강서구
서울특별시 강서구 마곡동,739-4,739,4,마곡 헤리움1차,29.14,202210,18,"18,600",9,2015,마곡서1로 115-1,,중개거래,서울 강서구
서울특별시 강서구 마곡동,760,760,0,마곡나루역보타닉푸르지오시티,19.96,202210,14,"18,500",3,2017, ,,중개거래,서울 강서구
서울특별시 강서구 마곡동,760,760,0,마곡나루역보타닉푸르지오시티,19.96,202210,15,"16,500",7,2017, ,,중개거래,서울 강서구
서울특별시 강서구 마곡동,760,760,0,마곡나루역보타닉푸르지오시티,22.2,202210,23,"21,900",3,2017, ,,중개거래,서울 강서구
서울특별시 강서구 마곡동,760-2,760,2,마곡나루역캐슬파크,30.04,202210,10,"30,900",8,2016,마곡중앙로 161-1,,중개거래,서울 강서구
서울특별시 강서구 마곡동,760-2,760,2,마곡나루역캐슬파크,25.6,202210,10,"24,100",10,2016,마곡중앙로 161-1,,중개거래,서울 강서구
서울특별시 강서구 마곡동,784-6,784,6,마곡대명투웨니퍼스트,17.96,202210,13,"13,000",10,2015, ,,중개거래,서울 강서구
서울특별시 강서구 마곡동,784-6,784,6,마곡대명투웨니퍼스트,17.96,202210,17,"14,500",8,2015, ,,중개거래,서울 강서구
서울특별시 강서구 마곡동,758-1,758,1,마곡럭스나인오피스텔 엘동,32.58,202210,8,"32,500",14,2017, ,,중개거래,서울 강서구
서울특별시 강서구 마곡동,758-1,758,1,마곡럭스나인오피스텔 엘동,21.87,202210,11,"17,500",6,2017, ,,중개거래,서울 강서구
서울특별시 강서구 마곡동,758-1,758,1,마곡럭스나인오피스텔 엘동,21.87,202210,18,"17,500",7,2017, ,,중개거래,서울 강서구
서울특별시 강서구 마곡동,795-5,795,5,마곡사이언스파크뷰,25.16,202210,12,"18,000",8,2016,마곡중앙6로 85,,중개거래,서울 강서구
서울특별시 강서구 마곡동,795-5,795,5,마곡사이언스파크뷰,30.56,202210,17,"21,500",13,2016,마곡중앙6로 85,,중개거래,서울 강서구
서울특별시 강서구 마곡동,776-2,776,2,마곡센트럴대방디엠시티오피스텔,24.02,202210,5,"19,800",5,2017,양천로 344,,중개거래,서울 강서구
서울특별시 강서구 마곡동,776-2,776,2,마곡센트럴대방디엠시티오피스텔,24.02,202210,18,"19,700",12,2017,양천로 344,,중개거래,서울 강서구
서울특별시 강서구 마곡동,776-2,776,2,마곡센트럴대방디엠시티오피스텔,24.02,202210,26,"19,300",3,2017,양천로 344,,중개거래,서울 강서구
서울특별시 강서구 마곡동,758,758,0,마곡시티오피스텔,24.4,202210,18,"17,900",3,2016,마곡서로 170,,중개거래,서울 강서구
서울특별시 강서구 마곡동,758,758,0,마곡시티오피스텔,22.51,202210,25,"16,900",2,2016,마곡서로 170,,중개거래,서울 강서구
서울특별시 강서구 마곡동,795-2,795,2,마곡아이파크,26.42,202210,14,"20,000",10,2016,마곡중앙8로 90,,중개거래,서울 강서구
서울특별시 강서구 마곡동,773-1,773,1,마곡역센트럴푸르지오시티,23,202210,29,"19,000",11,2016,마곡중앙6로 10,,중개거래,서울 강서구
서울특별시 강서구 마곡동,784-9,784,9,마곡오드카운티2차,30.37,202210,19,"26,000",5,, ,,중개거래,서울 강서구
서울특별시 강서구 마곡동,784-4,784,4,미르웰플러스오피스텔,34.75,202210,14,"28,800",13,2015, ,,중개거래,서울 강서구
서울특별시 강서구 마곡동,784-4,784,4,미르웰플러스오피스텔,19.46,202210,17,"14,200",6,2015, ,,중개거래,서울 강서구
서울특별시 강서구 마곡동,784-4,784,4,미르웰플러스오피스텔,19.46,202210,17,"14,000",4,2015, ,,중개거래,서울 강서구
서울특별시 강서구 마곡동,784-4,784,4,미르웰플러스오피스텔,19.46,202210,17,"14,600",10,2015, ,,중개거래,서울 강서구
서울특별시 강서구 마곡동,784-8,784,8,벨리오,20.58,202210,17,"15,000",10,2015, ,,중개거래,서울 강서구
서울특별시 강서구 마곡동,784-8,784,8,벨리오,20.58,202210,18,"14,800",3,2015, ,,중개거래,서울 강서구
서울특별시 강서구 마곡동,784-3,784,3,스카이오피스텔,17.52,202210,28,"13,400",9,2016, ,,중개거래,서울 강서구
서울특별시 강서구 마곡동,776-4,776,4,엠코지니어스타,23.84,202210,8,"18,500",12,2015,강서로 471,,중개거래,서울 강서구
서울특별시 강서구 마곡동,793,793,0,유림트윈파크,19.99,202210,26,"14,000",7,2015,강서로 419,,중개거래,서울 강서구
서울특별시 강서구 마곡동,795-1,795,1,필네이처,22.16,202210,14,"16,300",11,2016,마곡중앙8로 86,,중개거래,서울 강서구
서울특별시 강서구 마곡동,760-1,760,1,힐스테이트에코 마곡나루역 라마다앙코르 서울마곡,20.84,202210,8,"19,000",5,2017,마곡중앙로 161-11,,중개거래,서울 강서구
서울특별시 강서구 마곡동,773-3,773,3,힐스테이트에코동익,25.89,202210,17,"21,500",5,2017, ,,중개거래,서울 강서구
서울특별시 강서구 마곡동,797-14,797,14,힐스테이트에코마곡,23.74,202210,12,"18,850",10,2016,공항대로 269-15,,중개거래,서울 강서구
서울특별시 강서구 방화동,830-3,830,3,방화샤르망1오피스텔,16.29,202210,3,"5,000",7,2003,방화대로47가길 7,,중개거래,서울 강서구
서울특별시 강서구 방화동,830-5,830,5,방화샤르먕2오피스텔,17.64,202210,10,"5,900",9,2003,방화대로47가길 41,,중개거래,서울 강서구
서울특별시 강서구 방화동,830-5,830,5,방화샤르먕2오피스텔,17.64,202210,10,"5,900",9,2003,방화대로47가길 41,,중개거래,서울 강서구
서울특별시 강서구 방화동,849,849,0,벽산에어트리움,28.03,202210,6,"11,700",7,2003,양천로 28,,중개거래,서울 강서구
서울특별시 강서구 방화동,829-5,829,5,에어뷰21-1오피스텔,26.86,202210,10,"7,900",9,1999,금낭화로 145,,중개거래,서울 강서구
서울특별시 강서구 방화동,619-68,619,68,에어포스빌,19.2,202210,14,"8,400",4,2003,개화동로 551,,중개거래,서울 강서구
서울특별시 강서구 방화동,829,829,0,오피앙2,37.48,202210,4,"14,000",8,2002,금낭화로 287-50,,중개거래,서울 강서구
서울특별시 강서구 염창동,266-12,266,12,한빛어반뉴스토리,28.69,202210,8,"27,400",12,2018, ,,중개거래,서울 강서구
서울특별시 강서구 화곡동,1070-11,1070,11,강서2차 크라운팰리스,28.17,202210,1,"27,100",5,2020,화곡로 120,,직거래,-
서울특별시 강서구 화곡동,1070-11,1070,11,강서2차 크라운팰리스,28.17,202210,1,"28,500",10,2020,화곡로 120,,직거래,-
서울특별시 강서구 화곡동,1070-11,1070,11,강서2차 크라운팰리스,28.17,202210,1,"28,300",9,2020,화곡로 120,,직거래,-
서울특별시 강서구 화곡동,1065-6,1065,6,강서포스텔,42.16,202210,7,"15,400",7,1998,강서로33길 19,,중개거래,서울 강서구
서울특별시 강서구 화곡동,901-1,901,1,네스트인,19.93,202210,6,"35,300",5,2022,강서로7길 23,,직거래,-
서울특별시 강서구 화곡동,901-1,901,1,네스트인,19.93,202210,13,"34,300",3,2022,강서로7길 23,,직거래,-
서울특별시 강서구 화곡동,46-221,46,221,아인스빌,43.63,202210,14,"15,200",4,2013,까치산로12길 9,,중개거래,서울 강서구
서울특별시 강서구 화곡동,24-42,24,42,웨인씨티,29.28,202210,19,"35,900",7,2021,화곡로42나길 27,,직거래,-
서울특별시 강서구 화곡동,372-73,372,73,케이씨타운,36.62,202210,11,"39,900",5,2022,가로공원로 178-5,,직거래,-
서울특별시 관악구 봉천동,863-9,863,9,(863-9),19.06,202210,9,"12,000",4,2012,남부순환로220길 29,,중개거래,서울 관악구
서울특별시 관악구 봉천동,32-1,32,1,더울림메트로타워,20.17,202210,10,"21,000",7,2022,관악로 219,,중개거래,서울 관악구
서울특별시 관악구 봉천동,875-5,875,5,씨티 빌,17.82,202210,13,"10,400",7,2002,관악로17길 40,,중개거래,서울 관악구
서울특별시 관악구 봉천동,870-12,870,12,에이스 에이-존,49.68,202210,25,"31,000",5,2005,남부순환로 1805,,중개거래,서울 관악구
서울특별시 관악구 봉천동,1566-10,1566,10,제일캠퍼스텔,15.28,202210,14,"7,030",7,1998,쑥고개로 101-4,,중개거래,서울 관악구
서울특별시 관악구 신림동,1437-20,1437,20,(1437-20),27.09,202210,21,"12,000",4,2001,관천로12길 35,,직거래,-
서울특별시 관악구 신림동,1421-29,1421,29,에스케이허브그린,26.62,202210,13,"17,000",11,2004,신림로 344,,중개거래,서울 관악구
서울특별시 광진구 광장동,120,120,0,주성아우라 오피스텔,29.83,202210,22,"16,200",5,2011,아차산로78길 33,,중개거래,서울 광진구
서울특별시 광진구 구의동,251-34,251,34,신도브래뉴오피스텔,32.17,202210,1,"15,000",7,2003,자양로 138,,중개거래,서울 광진구
서울특별시 광진구 구의동,199-23,199,23,현대13차폴라트리움,40.98,202210,7,"27,000",2,2006,구의강변로 102,,중개거래,서울 광진구
서울특별시 광진구 중곡동,639-6,639,6,정익제이타워2차,15.93,202210,11,"19,300",3,2020,천호대로 537,,중개거래,서울 광진구
서울특별시 광진구 화양동,21-20,21,20,광진캠퍼스시티,16.08,202210,5,"15,000",7,2017, ,,중개거래,서울 광진구
서울특별시 광진구 화양동,93-3,93,3,캠퍼니안,42.42,202210,28,"23,800",7,2004,능동로16길 9,,중개거래,서울 광진구
서울특별시 광진구 화양동,21-23,21,23,케이타워 오피스텔 A,19.78,202210,3,"14,500",11,2013,광나루로14길 8,,중개거래,서울 광진구
서울특별시 광진구 화양동,193,193,0,하이뷰오피스텔,18.57,202210,7,"25,000",10,2020,광나루로 386,,직거래,-
서울특별시 광진구 화양동,18-9,18,9,화양 디펠리체,20.45,202210,11,"20,500",17,2019,광나루로 358,,중개거래,서울 광진구
서울특별시 구로구 개봉동,403-15,403,15,국일오피스텔,22.72,202210,17,"8,200",4,2002,남부순환로95길 42-11,,중개거래,서울 구로구
서울특별시 구로구 고척동,137-15,137,15,드어반트라움,29.63,202210,14,"30,000",4,2021,경서로 62-6,,직거래,-
서울특별시 구로구 구로동,611-26,611,26,구로동복합건물OPUS1,31.2,202210,5,"15,000",10,2004,구로중앙로 207,,중개거래,서울 구로구
서울특별시 구로구 구로동,106-2,106,2,대림역포스큐,19.02,202210,24,"12,400",11,2015,공원로 11,,직거래,-
서울특별시 구로구 구로동,106-2,106,2,대림역포스큐,19.02,202210,31,"11,800",6,2015,공원로 11,,직거래,-
서울특별시 구로구 구로동,106-2,106,2,대림역포스큐,19.02,202210,31,"11,900",6,2015,공원로 11,,직거래,-
서울특별시 구로구 구로동,104-8,104,8,비즈트위트 레드,28.22,202210,1,"18,000",14,2016,가마산로 285,,중개거래,서울 구로구
서울특별시 구로구 구로동,44-5,44,5,비즈트위트 레인보우,21.52,202210,20,"12,500",16,2012,공원로6길 25,,직거래,-
서울특별시 구로구 구로동,107-4,107,4,비즈트위트 블루,18.67,202210,12,"11,500",13,2012,공원로 15-12,,중개거래,서울 구로구
서울특별시 구로구 구로동,44-8,44,8,비즈트위트 오렌지,17.81,202210,12,"11,800",9,2013,공원로6가길 8,,직거래,-
서울특별시 구로구 구로동,44-8,44,8,비즈트위트 오렌지,17.74,202210,18,"12,000",10,2013,공원로6가길 8,,직거래,-
서울특별시 구로구 구로동,186-17,186,17,하나가드리움(186-17),25.92,202210,31,"12,500",3,2002,도림천로 438,,중개거래,서울 구로구
서울특별시 구로구 구로동,97-4,97,4,하나세인스톤2차,18.37,202210,4,"9,700",9,2011,가마산로 284,,중개거래,서울 구로구
서울특별시 구로구 구로동,46-4,46,4,하나세인스톤3차,25.67,202210,1,"13,300",11,2011,공원로6길 16-22,,중개거래,서울 구로구
서울특별시 구로구 구로동,46-4,46,4,하나세인스톤3차,25.67,202210,4,"13,500",5,2011,공원로6길 16-22,,중개거래,서울 구로구
서울특별시 구로구 구로동,46-4,46,4,하나세인스톤3차,25.67,202210,21,"14,500",5,2011,공원로6길 16-22,,직거래,-
서울특별시 구로구 오류동,134-1,134,1,(134-1),30.03,202210,14,"9,400",7,2001,오류로 86,,중개거래,서울 구로구
서울특별시 구로구 오류동,47-24,47,24,(47-24),20.97,202210,21,"11,500",4,2017,경인로 178-8,,중개거래,서울 구로구
서울특별시 구로구 오류동,58-1,58,1,원타워3차,17.28,202210,28,"15,470",5,2018,경인로 220,,직거래,-
서울특별시 구로구 오류동,46-1,46,1,이좋은집,34.07,202210,5,"14,000",8,2005,경인로20나길 30,,중개거래,서울 구로구
서울특별시 구로구 오류동,48-2,48,2,칸타빌레 8차,17.3,202210,13,"17,400",19,2022,경인로20나길 12,,중개거래,"서울 광진구, 서울 구로구"
서울특별시 구로구 오류동,51-31,51,31,포스시티,19.75,202210,30,"9,500",2,2014,경인로20길 6,,직거래,-
서울특별시 금천구 가산동,233-5,233,5,가산 센트럴 푸르지오 시티,17.69,202210,5,"14,400",16,2020,디지털로10길 69,,중개거래,서울 금천구
서울특별시 금천구 가산동,233-5,233,5,가산 센트럴 푸르지오 시티,17.69,202210,12,"15,500",5,2020,디지털로10길 69,,중개거래,서울 구로구
서울특별시 금천구 가산동,141-2,141,2,가산 양우 내안애 애플,17.35,202210,26,"11,500",6,2013,남부순환로 1266,,중개거래,서울 금천구
서울특별시 금천구 가산동,776,776,0,가산대명벨리온,16.61,202210,4,"12,500",16,2017,가산디지털2로 127-33,,중개거래,서울 금천구
서울특별시 금천구 가산동,776,776,0,가산대명벨리온,16.61,202210,24,"11,000",5,2017,가산디지털2로 127-33,,중개거래,서울 금천구
서울특별시 금천구 가산동,776,776,0,가산대명벨리온,16.61,202210,24,"11,000",5,2017,가산디지털2로 127-33,,중개거래,서울 금천구
서울특별시 금천구 가산동,535-55,535,55,가산유미어스오피스텔,17.16,202210,31,"15,000",9,2018,가산디지털2로 169-37,,중개거래,경북 봉화군
서울특별시 금천구 가산동,139-3,139,3,램킨푸르지오시티,21.38,202210,15,"13,400",14,2013,벚꽃로56길 182,,중개거래,서울 영등포구
서울특별시 금천구 가산동,140-36,140,36,비즈트위트 바이올렛 5차,17.76,202210,12,"10,350",4,2014,디지털로12길 15,,중개거래,서울 금천구
서울특별시 금천구 독산동,1006-49,1006,49,(1006-49),52.76,202210,13,"21,500",5,2014,범안로14길 9-12,,중개거래,서울 금천구
서울특별시 금천구 독산동,1150,1150,0,금천 롯데캐슬 골드파크 2차,27.03,202210,17,"19,800",12,2017, ,,중개거래,"경기 남양주시, 서울 금천구"
서울특별시 금천구 독산동,1156,1156,0,금천 롯데캐슬 골드파크 4차,21.99,202210,6,"17,500",15,2019,시흥대로 315,,중개거래,서울 금천구
서울특별시 금천구 독산동,292-11,292,11,디밸리,20.11,202210,3,"17,700",6,2022,범안로21길 8,,중개거래,서울 금천구
서울특별시 금천구 독산동,296-3,296,3,리치하우스,18.85,202210,28,"20,000",8,2017,가산로 67,,직거래,-
서울특별시 금천구 독산동,145-7,145,7,성지채움빌,55.41,202210,11,"44,700",3,2016,시흥대로141길 72,,직거래,-
서울특별시 금천구 독산동,145-7,145,7,성지채움빌,32.5,202210,24,"21,000",3,2016,시흥대로141길 72,,중개거래,서울 금천구
서울특별시 금천구 독산동,292-2,292,2,수아주 신독산,16.83,202210,9,"17,500",16,2021,시흥대로115길 13,,중개거래,서울 관악구
서울특별시 금천구 독산동,962-13,962,13,헤리움팰리스,22.22,202210,19,"28,000",7,2021,독산로101길 46,,중개거래,서울 은평구
서울특별시 금천구 시흥동,882-61,882,61,시흥 사거리 와이즈 플레이스,18.25,202210,26,"9,500",7,2012,시흥대로 236,,중개거래,서울 금천구
서울특별시 노원구 공릉동,670-11,670,11,로우폴리스,22.99,202210,24,"10,500",7,2004,화랑로 449-7,,중개거래,서울 노원구
서울특별시 노원구 공릉동,653-5,653,5,엘네스트빌 오피스텔,22.8,202210,8,"10,470",4,2003,화랑로 465,,중개거래,서울 노원구
서울특별시 노원구 상계동,1267,1267,0,토마토파르코,36.77,202210,11,"16,650",6,2005,동일로 1700,,중개거래,서울 노원구
서울특별시 도봉구 도봉동,62-3,62,3,도봉 투웨니퍼스트 1단지,29.66,202210,12,"18,000",3,2017, ,,중개거래,서울 도봉구
서울특별시 도봉구 도봉동,62-43,62,43,도봉 투웨니퍼스트 2단지,29.66,202210,10,"18,500",7,, ,,중개거래,"서울 노원구, 서울 도봉구"
서울특별시 도봉구 도봉동,62-43,62,43,도봉 투웨니퍼스트 2단지,29.66,202210,13,"18,500",3,, ,,중개거래,서울 도봉구
서울특별시 도봉구 창동,749-14,749,14,라르플레이스1단지,26.34,202210,13,"24,995",13,2020,도봉로 622,,직거래,-
서울특별시 도봉구 창동,609-40,609,40,북한산팰리스,40.58,202210,6,"21,000",2,2014,도봉로110아길 57-21,,중개거래,서울 도봉구
서울특별시 도봉구 창동,659-29,659,29,삼성쉐르빌퍼스티,33.59,202210,7,"16,300",10,2004,도봉로 476,,중개거래,서울 도봉구
서울특별시 동대문구 답십리동,492-4,492,4,답십리한화오벨리스크,27.64,202210,20,"13,200",14,2004,천호대로 319,,중개거래,서울 동대문구
서울특별시 동대문구 답십리동,492-4,492,4,답십리한화오벨리스크,31.93,202210,25,"14,800",14,2004,천호대로 319,,중개거래,서울 동대문구
서울특별시 동대문구 답십리동,497-23,497,23,청계 푸르지오시티,23.85,202210,1,"15,600",15,2015,천호대로 257,,중개거래,서울 동대문구
서울특별시 동대문구 답십리동,497-23,497,23,청계 푸르지오시티,20.62,202210,4,"13,800",16,2015,천호대로 257,,중개거래,서울 동대문구
서울특별시 동대문구 답십리동,497-23,497,23,청계 푸르지오시티,20.62,202210,12,"13,800",8,2015,천호대로 257,,중개거래,서울 동대문구
서울특별시 동대문구 답십리동,497-23,497,23,청계 푸르지오시티,20.62,202210,15,"13,250",3,2015,천호대로 257,,중개거래,서울 동대문구
서울특별시 동대문구 답십리동,494-1,494,1,한일노벨리아,31.71,202210,5,"24,000",5,2016,천호대로 289,,중개거래,서울 동대문구
서울특별시 동대문구 답십리동,494-1,494,1,한일노벨리아,19.05,202210,25,"12,500",4,2016,천호대로 289,,중개거래,서울 동대문구
서울특별시 동대문구 답십리동,494-1,494,1,한일노벨리아,19.05,202210,28,"13,200",9,2016,천호대로 289,,중개거래,서울 동대문구
서울특별시 동대문구 신설동,97-8,97,8,동광동대문베르빌,28.31,202210,4,"17,900",3,2004,천호대로 23,,중개거래,서울 동대문구
서울특별시 동대문구 신설동,89-53,89,53,동은컴페니언오피스텔,31.8,202210,4,"13,000",9,2003,왕산로 27,,중개거래,서울 동대문구
서울특별시 동대문구 용두동,112-8,112,8,동대문한양아이클래스,18.48,202210,27,"10,000",9,2014,왕산로 72,,중개거래,서울 동대문구
서울특별시 동대문구 용두동,787,787,0,동의보감타워,36.02,202210,31,"16,700",13,2005,왕산로 128,,중개거래,서울 동대문구
서울특별시 동대문구 용두동,138-41,138,41,두산베어스타워,31.91,202210,4,"11,500",8,1998,왕산로 81,,중개거래,서울 동대문구
서울특별시 동대문구 용두동,100-1,100,1,랜드마크타워1,28.9,202210,9,"14,000",9,2004,천호대로25길 81,,중개거래,서울 동대문구
서울특별시 동대문구 용두동,236-4,236,4,신설동역대우아이빌(236-4),27.63,202210,5,"12,700",3,2004,왕산로 52,,중개거래,서울 동대문구
서울특별시 동대문구 용두동,788,788,0,한방천하-용두동 포스빌,39.02,202210,12,"19,000",9,2006,왕산로 122,,중개거래,서울 동대문구
서울특별시 동대문구 용두동,788,788,0,한방천하-용두동 포스빌,39.02,202210,22,"17,700",14,2006,왕산로 122,,중개거래,서울 동대문구
서울특별시 동대문구 장안동,345-7,345,7,장안동 썬앤빌 시그니처,29.06,202210,13,"26,870",14,2022,장한로22길 13,,직거래,-
서울특별시 동대문구 장안동,374-1,374,1,장안현대벤처빌,43.42,202210,12,"21,000",6,2004,장한로 85,,중개거래,서울 동대문구
서울특별시 동대문구 장안동,374-1,374,1,장안현대벤처빌,32.24,202210,23,"13,000",16,2004,장한로 85,,중개거래,서울 동대문구
서울특별시 동대문구 장안동,373-3,373,3,현대썬앤빌 601,21.03,202210,4,"11,850",12,2015,장한로 91,,중개거래,서울 동대문구
서울특별시 동대문구 장안동,373-3,373,3,현대썬앤빌 601,21.03,202210,25,"11,000",12,2015,장한로 91,,중개거래,서울 동대문구
서울특별시 동대문구 전농동,597-11,597,11,청량리역DUO196,19.99,202210,5,"13,500",6,2015,왕산로 244,,중개거래,서울 동대문구
서울특별시 동대문구 제기동,1158-48,1158,48,	제기동오피스텔(유니텔)	,23.94,202210,18,"9,250",15,2002,왕산로19라길 4,,중개거래,서울 동대문구
서울특별시 동대문구 휘경동,322-2,322,2,회기역 더이스트팰리스,16.69,202210,3,"22,666",12,2020,이문로 34,,중개거래,서울 동대문구
서울특별시 동작구 대방동,394-26,394,26,리안,17.9,202210,17,"13,500",3,, ,,중개거래,서울 동작구
서울특별시 동작구 대방동,394-26,394,26,리안,17.9,202210,25,"14,400",6,, ,,중개거래,서울 동작구
서울특별시 동작구 사당동,142-1,142,1,(142-1),18.24,202210,13,"16,000",5,2012,동작대로27다길 31,,중개거래,서울 동작구
서울특별시 동작구 신대방동,698,698,0,신라스테이해링턴타워,20.34,202210,5,"15,000",6,2015,시흥대로 596,,중개거래,서울 동작구
서울특별시 동작구 신대방동,698,698,0,신라스테이해링턴타워,20.34,202210,9,"16,000",8,2015,시흥대로 596,,중개거래,서울 동작구
서울특별시 마포구 공덕동,475,475,0,공덕푸르지오시티,27.74,202210,6,"26,000",20,2013,마포대로 156,,중개거래,서울 마포구
서울특별시 마포구 공덕동,463,463,0,마포현대하이엘,31.38,202210,17,"24,000",18,2005,마포대로 173,,중개거래,서울 마포구
서울특별시 마포구 공덕동,111-106,111,106,블레스하임 3차,23.4,202210,1,"33,770",11,2022,만리재로 90,,중개거래,서울 마포구
서울특별시 마포구 도화동,36,36,0,고려아카데미텔,20.25,202210,20,"16,000",12,1988,마포대로 52,,중개거래,서울 마포구
서울특별시 마포구 도화동,555,555,0,마포 한화 오벨리스크,33.93,202210,21,"40,000",22,2004,마포대로 33,,중개거래,서울 마포구
서울특별시 마포구 상암동,1597,1597,0,사보이시티디엠씨,21.65,202210,7,"15,500",5,2016, ,,중개거래,"서울 마포구, 서울 은평구"
서울특별시 마포구 상암동,1597,1597,0,사보이시티디엠씨,21.65,202210,12,"15,900",5,2016, ,,중개거래,서울 마포구
서울특별시 마포구 상암동,1597,1597,0,사보이시티디엠씨,21.65,202210,15,"15,900",9,2016, ,,중개거래,서울 마포구
서울특별시 마포구 상암동,1748,1748,0,상암 오벨리스크 2차,24.2,202210,1,"16,000",8,2014, ,,중개거래,서울 마포구
서울특별시 마포구 상암동,1734,1734,0,상암 한화 오벨리스크,19.93,202210,17,"12,000",7,2013,구룡길 19,,중개거래,서울 마포구
서울특별시 마포구 상암동,1734,1734,0,상암 한화 오벨리스크,19.93,202210,24,"11,500",2,2013,구룡길 19,,중개거래,서울 마포구
서울특별시 마포구 성산동,50-10,50,10,골든빌오피스텔(50-10),25.9,202210,8,"11,000",7,2003,월드컵북로12안길 84,,중개거래,서울 마포구
서울특별시 마포구 성산동,593-3,593,3,동우 자인채 스토리 상암,16.54,202210,18,"15,000",9,2018,월드컵로34길 20,,직거래,-
서울특별시 마포구 성산동,593-3,593,3,동우 자인채 스토리 상암,16.54,202210,19,"13,000",4,2018,월드컵로34길 20,,직거래,-
서울특별시 마포구 성산동,593-3,593,3,동우 자인채 스토리 상암,16.03,202210,19,"16,000",9,2018,월드컵로34길 20,,직거래,-
서울특별시 마포구 성산동,593-7,593,7,마포상암시티프라디움리버,17.02,202210,3,"22,000",3,2021,모래내로1길 4,,중개거래,서울 마포구
서울특별시 마포구 성산동,593-1,593,1,벽산상암스마트큐브,19.2,202210,15,"16,500",10,2017,월드컵로34길 14,,중개거래,서울 마포구
서울특별시 마포구 성산동,590-1,590,1,상암 두산위브센티움,24.49,202210,13,"15,000",4,2013,월드컵로36길 14,,중개거래,서울 마포구
서울특별시 마포구 성산동,591-5,591,5,상암 스위트포레,18.55,202210,29,"14,000",13,2016,월드컵로34길 7,,중개거래,서울 마포구
서울특별시 마포구 성산동,592-5,592,5,상암 우남퍼스트빌스타,16.91,202210,1,"16,000",19,2017,모래내로 5,,중개거래,서울 마포구
서울특별시 마포구 성산동,593-5,593,5,상암미르웰한올림,16.36,202210,1,"16,700",9,2018,모래내로3길 11,,중개거래,서울 마포구
서울특별시 마포구 성산동,590-5,590,5,상암월드시티,19.81,202210,7,"13,900",12,2014,월드컵로34길 13,,중개거래,서울 마포구
서울특별시 마포구 성산동,593-10,593,10,태림센트윈상암,19.12,202210,1,"20,500",3,2019,모래내로3길 3,,중개거래,서울 마포구
서울특별시 마포구 신공덕동,3-3,3,3,블루마리오피스텔,18.33,202210,8,"17,200",13,2017, ,,중개거래,서울 마포구
서울특별시 마포구 아현동,737,737,0,마포 에스케이 허브 블루,33.19,202210,29,"23,000",16,2006,마포대로 204,,중개거래,서울 마포구
서울특별시 마포구 합정동,473,473,0,마포 한강 2차 푸르지오,25.7,202210,8,"35,500",12,2016,월드컵로3길 14,,중개거래,서울 마포구
서울특별시 마포구 합정동,376-7,376,7,일신오피스텔,35.5,202210,4,"33,500",3,2002,양화진길 41,,중개거래,서울 마포구
서울특별시 서대문구 대현동,90-58,90,58,(90-58),18.98,202210,24,"14,500",4,2015,이화여대1길 38,,중개거래,서울 서대문구
서울특별시 서대문구 대현동,90-58,90,58,(90-58),18.98,202210,27,"15,000",4,2015,이화여대1길 38,,중개거래,서울 서대문구
서울특별시 서대문구 대현동,101-2,101,2,신촌리브하임,15.02,202210,10,"21,900",11,2021,이화여대3길 45,,중개거래,서울 마포구
서울특별시 서대문구 대현동,37-32,37,32,영타운 지웰 에스테이트,19.39,202210,8,"18,600",7,2017,이화여대5길 35,,중개거래,서울 서대문구
서울특별시 서대문구 대현동,37-32,37,32,영타운 지웰 에스테이트,20.37,202210,13,"18,950",4,2017,이화여대5길 35,,중개거래,서울 서대문구
서울특별시 서대문구 대현동,37-32,37,32,영타운 지웰 에스테이트,20.27,202210,13,"20,000",10,2017,이화여대5길 35,,중개거래,서울 서대문구
서울특별시 서대문구 대현동,90-60,90,60,이대 포레스트,17.84,202210,7,"20,000",8,2019,이화여대1길 21,,중개거래,서울 서대문구
서울특별시 서대문구 대현동,90-44,90,44,이대프리젠#2,15.06,202210,10,"16,300",8,2017,이화여대1길 32,,중개거래,서울 서대문구
서울특별시 서대문구 북가좌동,392-5,392,5,미다스,43.18,202210,28,"31,500",2,2016,수색로 153,,직거래,-
서울특별시 서대문구 연희동,79-30,79,30,(79-30),28.81,202210,20,"30,600",2,2022,연희로 168,,직거래,-
서울특별시 서대문구 연희동,79-30,79,30,(79-30),29.65,202210,20,"31,150",2,2022,연희로 168,,직거래,-
서울특별시 서대문구 연희동,79-30,79,30,(79-30),29.19,202210,20,"31,000",2,2022,연희로 168,,직거래,-
서울특별시 서대문구 연희동,212-2,212,2,연희소프트빌,16.2,202210,15,"8,500",2,2001,연희로 60,,중개거래,서울 서대문구
서울특별시 서대문구 연희동,212-2,212,2,연희소프트빌,16.2,202210,17,"8,000",2,2001,연희로 60,,중개거래,서울 서대문구
서울특별시 서대문구 연희동,212-2,212,2,연희소프트빌,16.2,202210,17,"8,000",2,2001,연희로 60,,중개거래,서울 서대문구
서울특별시 서대문구 연희동,88-11,88,11,정연지오빌ll,25.53,202210,25,"13,500",2,2003,연희로 128,,중개거래,서울 서대문구
서울특별시 서대문구 창천동,72-22,72,22,더이음,17.75,202210,4,"23,200",12,2021,신촌로 63,,중개거래,서울 서대문구
서울특별시 서대문구 창천동,20-41,20,41,아남오피스텔,26.75,202210,16,"15,700",8,2004,신촌로 121,,중개거래,서울 서대문구
서울특별시 서대문구 창천동,20-41,20,41,아남오피스텔,28.5,202210,21,"17,000",15,2004,신촌로 121,,중개거래,서울 서대문구
서울특별시 서초구 서초동,1588-1,1588,1,(1588-1),24.59,202210,14,"13,000",8,1991,반포대로14길 54,,중개거래,서울 서초구
서울특별시 서초구 서초동,1327-27,1327,27,강남역 한화오벨리스크,39.54,202210,28,"36,500",14,2003,서초대로74길 27,,중개거래,서울 강남구
서울특별시 서초구 서초동,1338-8,1338,8,강남역파라디아골드,18.11,202210,28,"22,400",12,2017,효령로79길 1,,중개거래,"서울 강남구, 서울 서초구"
서울특별시 서초구 서초동,1328-11,1328,11,대우도씨에빛2,38.81,202210,8,"39,000",5,2005,강남대로 359,,중개거래,서울 서초구
서울특별시 서초구 서초동,1328-11,1328,11,대우도씨에빛2,38.81,202210,17,"44,500",5,2005,강남대로 359,,중개거래,서울 서초구
서울특별시 서초구 서초동,1600-4,1600,4,서초신성미소시티,30.56,202210,6,"20,700",14,2005,서초중앙로 51,,중개거래,서울 서초구
서울특별시 서초구 서초동,1337-2,1337,2,아크로텔 강남역,24.77,202210,6,"27,500",8,2016,효령로77길 34,,중개거래,서울 서초구
서울특별시 서초구 서초동,1599-2,1599,2,엘지서초에클라트,28.17,202210,2,"27,000",18,2004,반포대로14길 71,,중개거래,서울 서초구
서울특별시 서초구 서초동,1598-1,1598,1,큐브플러스,16.95,202210,20,"14,300",7,2004,사임당로 38,,중개거래,서울 서초구
서울특별시 서초구 서초동,1623-3,1623,3,피앤디 솔로빌,15.76,202210,28,"13,000",9,2005,서초중앙로 58,,중개거래,서울 서초구
서울특별시 서초구 서초동,1674-5,1674,5,하림인터내셔날 오피스텔,24.12,202210,24,"29,300",9,2013,서초대로 316,,중개거래,서울 서초구
서울특별시 서초구 서초동,1337-21,1337,21,현대썬앤빌 서초,20.27,202210,15,"21,500",11,2015, ,,중개거래,서울 서초구
서울특별시 서초구 신원동,659,659,0,해피트리앤,21.17,202210,14,"17,550",4,2015, ,,중개거래,서울 서초구
서울특별시 서초구 양재동,275-1,275,1,삼호물산빌딩(275-1),27.36,202210,20,"12,700",19,1991,논현로 83,,중개거래,서울 서초구
서울특별시 서초구 양재동,275-6,275,6,삼호물산빌딩(275-6),54.72,202210,12,"22,500",17,1991,논현로 87,,중개거래,서울 서초구
서울특별시 서초구 양재동,275-4,275,4,트윈타워(275-4),28.61,202210,4,"16,000",10,1991,마방로10길 15,,중개거래,서울 서초구
서울특별시 서초구 양재동,275-4,275,4,트윈타워(275-4),28.61,202210,24,"15,500",7,1991,마방로10길 15,,중개거래,서울 서초구
서울특별시 서초구 우면동,765,765,0,미라쉘,27.25,202210,14,"21,300",3,2015,양재대로2길 100-61,,중개거래,서울 서초구
서울특별시 서초구 우면동,755,755,0,서초 디벨리움 오피스텔,18.8,202210,5,"14,000",3,2015, ,,중개거래,서울 서초구
서울특별시 서초구 우면동,755,755,0,서초 디벨리움 오피스텔,18.8,202210,18,"14,000",2,2015, ,,직거래,-
서울특별시 서초구 우면동,787,787,0,서초리슈빌S글로벌,21.52,202210,18,"17,000",3,2015, ,,중개거래,서울 서초구
서울특별시 서초구 우면동,787,787,0,서초리슈빌S글로벌,22.14,202210,19,"17,000",10,2015, ,,중개거래,서울 서초구
서울특별시 서초구 우면동,759,759,0,주건축물제1동,18.47,202210,20,"14,000",8,2015, ,,중개거래,서울 서초구
서울특별시 성동구 성수동2가,289-290,289,290,테라289,15.03,202210,28,"35,841",8,2021,아차산로5길 26,,직거래,-
서울특별시 성동구 성수동2가,289-290,289,290,테라289,15.03,202210,31,"35,841",8,2021,아차산로5길 26,,직거래,-
서울특별시 성동구 옥수동,475,475,0,성원상떼뷰,30.75,202210,3,"22,900",13,2004,독서당로 166,,중개거래,서울 성동구
서울특별시 성동구 용답동,238-2,238,2,오르세오피스텔,48.5,202210,24,"20,500",10,2011,자동차시장1길 94-15,,중개거래,서울 마포구
서울특별시 성동구 하왕십리동,903-3,903,3,동인 레반트 오피스텔,27.54,202210,17,"17,100",8,2005,왕십리로 369,,중개거래,서울 성동구
서울특별시 성동구 하왕십리동,898-2,898,2,리오파크 오피스텔,22.82,202210,5,"15,000",9,2011,왕십리로 385,,직거래,-
서울특별시 송파구 가락동,98,98,0,송파가락두산위브센티움,29.3,202210,1,"15,500",4,2004,송파대로30길 16,,중개거래,서울 송파구
서울특별시 송파구 거여동,604-2,604,2,송파 풍산 리치안,20.47,202210,18,"22,000",5,2022,위례서로 244,,직거래,-
서울특별시 송파구 문정동,652-5,652,5,문정 아이파크,25.77,202210,15,"25,700",9,2017,법원로4길 6,,중개거래,서울 송파구
서울특별시 송파구 문정동,624,624,0,송파 아이파크,29.88,202210,10,"27,600",6,2015,법원로 55,,중개거래,서울 송파구
서울특별시 송파구 문정동,624,624,0,송파 아이파크,49.9,202210,11,"75,000",8,2015,법원로 55,,중개거래,서울 송파구
서울특별시 송파구 문정동,620,620,0,송파푸르지오시티,24.9,202210,3,"23,100",14,2013,새말로 62,,중개거래,서울 송파구
서울특별시 송파구 문정동,620,620,0,송파푸르지오시티,30,202210,5,"26,500",11,2013,새말로 62,,중개거래,서울 송파구
서울특별시 송파구 문정동,620,620,0,송파푸르지오시티,27.4,202210,17,"30,000",3,2013,새말로 62,,중개거래,서울 송파구
서울특별시 송파구 문정동,622,622,0,송파한화오벨리스크,29.99,202210,12,"25,500",6,2013,충민로 5,,중개거래,서울 송파구
서울특별시 송파구 문정동,622,622,0,송파한화오벨리스크,23.24,202210,18,"20,700",6,2013,충민로 5,,중개거래,서울 송파구
서울특별시 송파구 문정동,618,618,0,파크하비오,26.29,202210,4,"24,000",14,, ,,중개거래,"경기 하남시, 서울 송파구"
서울특별시 송파구 문정동,618,618,0,파크하비오,25.44,202210,14,"24,000",11,, ,,중개거래,서울 송파구
서울특별시 송파구 문정동,618,618,0,파크하비오,50.32,202210,17,"49,200",16,, ,,중개거래,서울 송파구
서울특별시 송파구 문정동,618,618,0,파크하비오,26.53,202210,21,"25,200",17,, ,,중개거래,서울 송파구
서울특별시 송파구 문정동,618,618,0,파크하비오,48.96,202210,26,"53,000",7,, ,,중개거래,서울 송파구
서울특별시 송파구 문정동,652-4,652,4,힐스테이트에코문정,20.79,202210,12,"22,000",12,2018,법원로4길 10,,중개거래,서울 송파구
서울특별시 송파구 문정동,639-5,639,5,힐스테이트에코송파,21.06,202210,11,"18,100",8,2017,정의로7길 13,,중개거래,"서울 강남구, 서울 송파구"
서울특별시 송파구 문정동,639-5,639,5,힐스테이트에코송파,21.06,202210,22,"17,500",17,2017,정의로7길 13,,중개거래,서울 송파구
서울특별시 송파구 방이동,43,43,0,대명벨리온,17.12,202210,2,"19,000",11,, ,,중개거래,서울 송파구
서울특별시 송파구 방이동,43,43,0,대명벨리온,17.32,202210,5,"20,100",9,, ,,중개거래,서울 송파구
서울특별시 송파구 방이동,43,43,0,대명벨리온,17.32,202210,7,"18,500",5,, ,,중개거래,서울 송파구
서울특별시 송파구 방이동,43,43,0,대명벨리온,17.32,202210,22,"19,300",12,, ,,중개거래,서울 송파구
서울특별시 송파구 방이동,38-4,38,4,벨리시모 오피스텔,19.14,202210,18,"13,500",8,2013,오금로11길 29-11,,직거래,-
서울특별시 송파구 오금동,80-12,80,12,(80-12),55.6,202210,17,"37,000",2,2014,마천로 117,,중개거래,서울 송파구
서울특별시 송파구 오금동,45-4,45,4,동인트루빌오피스텔,35.64,202210,10,"22,500",9,2003,오금로35길 8,,중개거래,서울 송파구
서울특별시 송파구 오금동,80-13,80,13,마나하임,29.84,202210,10,"22,000",2,,마천로 119,,중개거래,서울 송파구
서울특별시 송파구 잠실동,175-1,175,1,위너스오피스텔II,29.16,202210,14,"25,000",7,1991,백제고분로 67,,중개거래,서울 송파구
서울특별시 송파구 잠실동,194,194,0,잠실아이파크,24.42,202210,19,"29,000",5,2013,올림픽로8길 20,,직거래,-
서울특별시 양천구 목동,919,919,0,목동 성우네트빌,43.17,202210,20,"22,000",8,2004,목동서로 186,,중개거래,서울 양천구
서울특별시 양천구 목동,905-33,905,33,스카이포레,18.13,202210,4,"13,350",4,2015, ,,중개거래,서울 양천구
서울특별시 양천구 목동,909-4,909,4,향도 드림네스트,26,202210,26,"17,900",11,2004,목동동로 437,,중개거래,서울 양천구
서울특별시 양천구 목동,917-9,917,9,현대41타워,47.19,202210,26,"34,700",33,2001,목동동로 293,,중개거래,서울 양천구
서울특별시 영등포구 당산동1가,230,230,0,삼정주택,29.85,202210,12,"31,750",2,2022,영신로47길 13-1,,직거래,-
서울특별시 영등포구 당산동1가,230,230,0,삼정주택,24.64,202210,12,"26,650",2,2022,영신로47길 13-1,,직거래,-
서울특별시 영등포구 당산동1가,230,230,0,삼정주택,26.52,202210,12,"28,700",2,2022,영신로47길 13-1,,직거래,-
서울특별시 영등포구 당산동5가,9-3,9,3,당산역해링턴타워,23.92,202210,31,"23,000",8,2015, ,,중개거래,서울 영등포구
서울특별시 영등포구 도림동,265-1,265,1,도림동 하나아파텔(1차),48.32,202210,10,"29,700",15,2003,도영로 16,,중개거래,서울 영등포구
서울특별시 영등포구 양평동2가,43-14,43,14,CO-OP Residence/오목교,16.98,202210,6,"7,550",10,2004,영등포로3길 23,,중개거래,서울 영등포구
서울특별시 영등포구 양평동2가,43-14,43,14,CO-OP Residence/오목교,16.98,202210,7,"7,400",3,2004,영등포로3길 23,,중개거래,서울 영등포구
서울특별시 영등포구 양평동2가,43-14,43,14,CO-OP Residence/오목교,16.98,202210,12,"8,000",8,2004,영등포로3길 23,,중개거래,서울 영등포구
서울특별시 영등포구 양평동3가,17-1,17,1,양평동 우림보보카운티 오피스텔,25.42,202210,1,"13,000",7,2003,양산로7길 3,,중개거래,서울 영등포구
서울특별시 영등포구 양평동3가,56-5,56,5,양평동갤럭시오피스텔,29.5,202210,7,"26,500",5,2017, ,,중개거래,서울 영등포구
서울특별시 영등포구 양평동6가,2-4,2,4,선유도 더채움,28.04,202210,4,"36,150",10,2022,양평로28길 5,,중개거래,서울 영등포구
서울특별시 영등포구 양평동6가,2-4,2,4,선유도 더채움,28.04,202210,10,"36,250",6,2022,양평로28길 5,,중개거래,서울 영등포구
서울특별시 영등포구 양평동6가,2-4,2,4,선유도 더채움,28.04,202210,12,"36,250",6,2022,양평로28길 5,,중개거래,서울 영등포구
서울특별시 영등포구 여의도동,61-3,61,3,(61-3),23,202210,1,"19,000",3,1991,63로 40,,중개거래,서울 영등포구
서울특별시 영등포구 여의도동,61,61,0,여의도금호리첸시아,54.83,202210,10,"60,000",5,2003,여의동로 213,,중개거래,서울 영등포구
서울특별시 영등포구 영등포동1가,75-4,75,4,메트로가든,20.7,202210,24,"17,000",3,2013,경인로112길 4-7,,직거래,-
서울특별시 영등포구 영등포동1가,94-2,94,2,여의도더리브스타일,19.36,202210,13,"22,500",18,2020,경인로 900,,중개거래,서울 영등포구
서울특별시 영등포구 영등포동2가,28-116,28,116,더 위일 중마루,18.6,202210,25,"22,000",7,2018,버드나루로3길 11,,직거래,-
서울특별시 영등포구 영등포동2가,328-11,328,11,여의도 미르웰 한올림 2차 오피스텔,14.53,202210,7,"14,800",4,2018,영등포로 247,,중개거래,서울 영등포구
서울특별시 영등포구 영등포동7가,29-42,29,42,여의도써밋,17.46,202210,6,"23,500",5,2021,국회대로54길 17,,직거래,-
서울특별시 영등포구 영등포동7가,94-369,94,369,위너스하임,40.76,202210,17,"25,900",4,2017,국회대로56길 6,,중개거래,서울 영등포구
서울특별시 영등포구 영등포동7가,29-126,29,126,포레비떼,26.54,202210,2,"14,000",7,2003,국회대로54길 23,,중개거래,서울 영등포구
서울특별시 영등포구 영등포동8가,47-1,47,1,프로방스,37.25,202210,6,"28,000",2,2017, ,,중개거래,서울 영등포구
서울특별시 용산구 갈월동,101-49,101,49,갈월동 에이트리움,30.97,202210,13,"26,000",7,2004,한강대로 259,,중개거래,서울 용산구
서울특별시 용산구 문배동,11-34,11,34,G&P 용산파크,21.19,202210,14,"25,000",2,2018,청파로 201-17,,중개거래,서울 용산구
서울특별시 용산구 원효로1가,112-4,112,4,디아뜨 센트럴,25.19,202210,4,"17,300",4,2004,원효로 268,,중개거래,서울 용산구
서울특별시 용산구 원효로1가,112-4,112,4,디아뜨 센트럴,25.5,202210,13,"18,750",15,2004,원효로 268,20221014,중개거래,서울 용산구
서울특별시 용산구 원효로1가,112-4,112,4,디아뜨 센트럴,25.5,202210,14,"18,750",15,2004,원효로 268,,중개거래,서울 용산구
서울특별시 용산구 원효로1가,112-4,112,4,디아뜨 센트럴,25.19,202210,15,"18,400",8,2004,원효로 268,,중개거래,"서울 서초구, 서울 용산구"
서울특별시 용산구 원효로1가,112-4,112,4,디아뜨 센트럴,25.5,202210,18,"18,400",4,2004,원효로 268,,중개거래,서울 용산구
서울특별시 용산구 원효로2가,3-12,3,12,용산 센트럴포레,31.48,202210,7,"51,400",6,2022,원효로 208,,직거래,-
서울특별시 용산구 원효로3가,51-37,51,37,e테크밸리,36,202210,6,"17,000",4,2003,원효로 128,,중개거래,서울 서초구
서울특별시 은평구 녹번동,81-17,81,17,CS아르체,44.92,202210,11,"24,000",7,,서오릉로 30,,중개거래,서울 은평구
서울특별시 은평구 불광동,274-7,274,7,경인에버빌,23.63,202210,17,"26,000",7,2021,통일로 738-2,,직거래,-
서울특별시 은평구 응암동,91-7,91,7,CJ드림시티(91-7),24.84,202210,16,"13,000",4,2004,은평로 91,,중개거래,서울 은평구
서울특별시 은평구 응암동,91-8,91,8,CJ드림시티(91-8),41.14,202210,15,"18,800",12,2004,은평로 85,,중개거래,서울 은평구
서울특별시 은평구 응암동,116-22,116,22,거장메카,47.62,202210,11,"34,900",2,2021,응암로 293,,직거래,-
서울특별시 은평구 응암동,353-10,353,10,디우아르떼빌,56.81,202210,8,"36,000",7,2018,응암로14길 7,,중개거래,서울 은평구
서울특별시 은평구 응암동,111-50,111,50,미성오피스텔,21.06,202210,12,"8,500",1,2002,은평로 96-1,,중개거래,서울 은평구
서울특별시 은평구 응암동,111-1,111,1,송원하이본,31.06,202210,12,"12,000",6,2003,은평로 98,,중개거래,서울 은평구
서울특별시 은평구 응암동,88-8,88,8,응암아네스트,18.89,202210,25,"11,500",8,2014,은평로 123,,중개거래,서울 은평구
서울특별시 은평구 진관동,100-3,100,3,아이파크 포레스트 게이트,24.91,202210,15,"13,700",21,2013,통일로 1010,,중개거래,서울 은평구
서울특별시 은평구 진관동,100-3,100,3,아이파크 포레스트 게이트,24.91,202210,21,"13,900",17,2013,통일로 1010,,중개거래,서울 은평구
서울특별시 은평구 진관동,100-3,100,3,아이파크 포레스트 게이트,45.55,202210,24,"34,000",20,2013,통일로 1010,,중개거래,서울 은평구
서울특별시 은평구 진관동,73,73,0,웅신 미켈란의아침,19.06,202210,4,"13,000",5,2017,진관2로 15-8,,중개거래,서울 은평구
서울특별시 은평구 진관동,73,73,0,웅신 미켈란의아침,19.06,202210,15,"12,500",11,2017,진관2로 15-8,,중개거래,서울 은평구
서울특별시 은평구 진관동,73,73,0,웅신 미켈란의아침,19.06,202210,22,"12,600",16,2017,진관2로 15-8,,중개거래,서울 은평구
서울특별시 은평구 진관동,66,66,0,은평뉴타운 꿈에그린,19.84,202210,6,"13,200",13,2018,진관3로 33,,중개거래,서울 은평구
서울특별시 은평구 진관동,60,60,0,은평뉴타운솔하임,18.72,202210,20,"15,000",7,2017, ,,중개거래,서울 은평구
서울특별시 은평구 진관동,100,100,0,은평헤스티아,23.19,202210,4,"12,000",9,2015,통일로 1030,,중개거래,서울 은평구
서울특별시 은평구 진관동,100,100,0,은평헤스티아,23.19,202210,4,"13,400",5,2015,통일로 1030,,중개거래,경기 용인수지구
서울특별시 은평구 진관동,100,100,0,은평헤스티아,26.23,202210,24,"13,200",7,2015,통일로 1030,,중개거래,서울 은평구
서울특별시 은평구 진관동,100-1,100,1,은평헤스티아 2차,23.19,202210,4,"13,400",5,,통일로 1022,20221005,중개거래,경기 용인수지구
서울특별시 종로구 경운동,89-4,89,4,운현궁 에스케이 허브,35.36,202210,24,"28,900",7,2005,삼일대로 461,,중개거래,서울 종로구
서울특별시 종로구 내수동,71,71,0,경희궁의 아침 2단지,29.41,202210,31,"26,000",15,2004,사직로8길 24,,중개거래,서울 종로구
서울특별시 종로구 내수동,73,73,0,경희궁의 아침 4단지,28.24,202210,19,"23,500",3,2004,새문안로3길 23,,중개거래,서울 종로구
서울특별시 종로구 돈의동,39-2,39,2,낙원오피스텔,36.6,202210,11,"21,500",4,1991,돈화문로11길 29,,중개거래,서울 종로구
서울특별시 종로구 숭인동,318-2,318,2,삼전솔하임4차,19.17,202210,14,"11,000",3,2014,지봉로4길 13,,중개거래,서울 종로구
서울특별시 종로구 숭인동,318-2,318,2,삼전솔하임4차,19.17,202210,14,"11,100",2,2014,지봉로4길 13,,중개거래,서울 종로구
서울특별시 종로구 숭인동,1392-1,1392,1,종로 아인스빌,17.88,202210,14,"11,000",6,2013,난계로29가길 19,,중개거래,서울 종로구
서울특별시 종로구 숭인동,1425,1425,0,한라 운종가,21.71,202210,5,"25,500",14,2022,종로66길 27,,중개거래,서울 광진구
서울특별시 종로구 숭인동,1425,1425,0,한라 운종가,41.48,202210,7,"46,000",5,2022,종로66길 27,,직거래,-
서울특별시 종로구 숭인동,1425,1425,0,한라 운종가,22.55,202210,7,"28,500",11,2022,종로66길 27,,직거래,-
서울특별시 종로구 신문로1가,163,163,0,광화문오피시아빌딩,41.71,202210,5,"47,900",17,2005,새문안로 92,,중개거래,서울 종로구
서울특별시 종로구 익선동,34,34,0,BIZ-WELL 종로 오피스텔,23.27,202210,31,"14,000",7,2004,삼일대로30길 23,,중개거래,서울 종로구
서울특별시 중구 을지로2가,199-40,199,40,명동아르누보센텀,35.92,202210,14,"34,250",7,2008,명동7길 21,,중개거래,서울 중구
서울특별시 중구 충무로3가,49,49,0,엘크루 메트로시티,37.77,202210,4,"29,000",8,2013,충무로 13,,중개거래,서울 중구
서울특별시 중구 황학동,959,959,0,메르센트,29.95,202210,13,"40,700",10,2022,마장로18길 16,,직거래,-
서울특별시 중구 황학동,959,959,0,메르센트,29.95,202210,13,"40,700",9,2022,마장로18길 16,,직거래,-
서울특별시 중구 황학동,959,959,0,메르센트,29.97,202210,15,"37,400",4,2022,마장로18길 16,,직거래,-
서울특별시 중구 황학동,2484,2484,0,신당역올리브2,23.82,202210,19,"10,000",15,2004,퇴계로 457,,중개거래,서울 중구
서울특별시 중구 황학동,808,808,0,올리브1,25.05,202210,2,"17,500",15,2004,난계로 163,,중개거래,서울 중구
서울특별시 중구 황학동,787,787,0,한양 I-Class,19.05,202210,26,"12,800",11,2013,난계로 173,,중개거래,서울 중구
서울특별시 중구 흥인동,119,119,0,동대문 와이즈 캐슬,28.6,202210,25,"23,000",6,2014,퇴계로75길 7,,중개거래,서울 중구
서울특별시 중구 흥인동,8,8,0,동대문솔하임,25,202210,7,"21,000",9,2016,마장로 58,,중개거래,서울 중구
서울특별시 중랑구 망우동,506-8,506,8,(506-8),17.64,202210,4,"9,000",3,2012,상봉로 110,,중개거래,서울 중랑구
서울특별시 중랑구 망우동,506-8,506,8,(506-8),17.64,202210,12,"8,900",2,2012,상봉로 110,,중개거래,서울 중랑구
서울특별시 중랑구 망우동,508-2,508,2,효성 써너스빌 에코,17.39,202210,13,"11,000",18,2016,망우로60길 37,,중개거래,서울 중랑구